user_id,gender
u3279,M
u519,M
u114,M
u3841,M
u1343,M
u1183,M
u1077,M
u665,M
u3810,M
u476,M
u3476,M
u3835,M
u4662,M
u2770,M
u401,M
u3001,M
u2092,M
u144,M
u136,M
u433,M
u1053,M
u1126,M
u2549,M
u3061,M
u121,M
u2852,M
u954,M
u3689,M
u3338,M
u3612,M
u2769,M
u2079,M
u1063,M
u2237,M
u2996,M
u1359,M
u4227,M
u4544,M
u30,M
u3933,M
u4208,M
u768,M
u3590,M
u2096,M
u1674,M
u1358,M
u745,M
u1036,M
u3962,M
u1654,M
u474,M
u429,M
u1873,M
u450,M
u1767,M
u4435,M
u1690,M
u3072,M
u1285,M
u4214,M
u199,M
u3769,M
u2287,M
u2723,M
u590,M
u1866,M
u362,M
u2804,M
u1440,M
u4331,M
u3219,M
u3160,M
u4631,M
u4508,M
u1782,M
u2934,M
u923,M
u3627,M
u319,M
u210,M
u3400,M
u1103,M
u4022,M
u1421,M
u366,M
u4476,M
u1127,M
u4531,M
u469,M
u2258,M
u3260,M
u4357,M
u1799,M
u784,M
u1826,M
u1748,M
u1010,M
u3445,M
u1299,M
u3614,M
u987,F
u2036,F
u2619,F
u1955,F
u4380,F
u3763,F
u2850,F
u2428,F
u3301,F
u773,F
u2524,F
u538,F
u3227,F
u3919,F
u2845,F
u928,F
u2387,F
u3220,F
u1346,F
u3324,F
u2653,F
u2301,F
u4204,F
u4339,F
u3278,F
u4766,F
u4817,F
u1618,F
u980,F
u1504,F
u3711,F
u2963,F
u2848,F
u1607,F
u3719,F
u3067,F
u2404,F
u4275,F
u3066,F
u2306,F
u2125,F
u1374,F
u974,F
u2706,F
u2638,F
u668,F
u3746,F
u428,F
u4112,F
u764,F
u1050,F
u3215,F
u1087,F
u3877,F
u3431,F
u4731,F
u3110,F
u4760,F
u2230,F
u2215,F
u4548,F
u2554,F
u2798,F
u1533,F
u2919,F
u4583,F
u4449,F
u115,F
u4551,F
u3611,F
u786,F
u3437,F
u4206,F
u2846,F
u3738,F
u1622,F
u3800,F
u3270,F
u2026,F
u4767,F
u1783,F
u2418,F
u1073,F
u2507,F
u42,F
u3622,F
u4151,F
u3608,F
u4666,F
u2656,F
u3773,F
u1212,F
u2702,F
u4336,F
u747,F
u4137,F
u3209,F
u1801,F
u4044,F
u3256,F
