item_id,n_users,quartile
4,807,q2
214,1135,q3
269,1061,q3
316,1066,q3
355,1156,q3
388,548,q1_unpopular
418,577,q1_unpopular
447,1057,q3
451,1725,q4_popular
466,1799,q4_popular
469,1434,q4_popular
525,777,q2
570,613,q2
611,1352,q4_popular
646,304,q1_unpopular
714,589,q1_unpopular
726,945,q3
728,331,q1_unpopular
742,429,q1_unpopular
762,686,q2
781,2269,q4_popular
782,840,q2
825,763,q2
902,1006,q3
918,809,q2
931,768,q2
982,1137,q3
1000,1341,q4_popular
1054,512,q1_unpopular
1066,529,q1_unpopular
1075,454,q1_unpopular
1087,676,q2
1113,1728,q4_popular
1142,448,q1_unpopular
1161,1628,q4_popular
1226,1419,q4_popular
1257,1126,q3
1262,1035,q3
1289,1052,q3
1312,480,q1_unpopular
1329,2583,q4_popular
1333,909,q3
1359,2991,q4_popular
1372,1240,q4_popular
1378,627,q2
1381,1451,q4_popular
1508,646,q2
1517,688,q2
1554,722,q2
1607,458,q1_unpopular
1647,864,q3
1665,1568,q4_popular
1779,584,q1_unpopular
1786,682,q2
1857,997,q3
1892,200,q1_unpopular
1894,701,q2
1910,1118,q3
1915,134,q1_unpopular
2003,476,q1_unpopular
2016,1071,q3
2017,213,q1_unpopular
2045,874,q3
2072,1001,q3
2083,302,q1_unpopular
2112,345,q1_unpopular
2147,1431,q4_popular
2151,1924,q4_popular
2165,1599,q4_popular
2186,663,q2
2192,1718,q4_popular
2201,980,q3
2215,2653,q4_popular
2238,1389,q4_popular
2301,786,q2
2348,862,q3
2349,756,q2
2386,2883,q4_popular
2390,882,q3
2395,479,q1_unpopular
2422,789,q2
2484,1697,q4_popular
2563,789,q2
2565,602,q1_unpopular
2582,838,q2
2600,1330,q4_popular
2628,1045,q3
2648,1666,q4_popular
2654,700,q2
2674,443,q1_unpopular
2756,902,q3
2770,751,q2
2775,761,q2
2801,1120,q3
2859,765,q2
2875,437,q1_unpopular
2934,1158,q3
2942,2227,q4_popular
2959,498,q1_unpopular
2961,317,q1_unpopular
